{
  "users": {
    "6283861623360@s.whatsapp.net": {
      "afkTime": -1,
      "afkReason": "",
      "limit": "Infinity"
    },
    "6288227758096@s.whatsapp.net": {
      "afkTime": -1,
      "afkReason": "",
      "limit": 25
    },
    "6283172899794@s.whatsapp.net": {
      "afkTime": -1,
      "afkReason": "",
      "limit": 25
    },
    "6281380884445@s.whatsapp.net": {
      "afkTime": -1,
      "afkReason": "",
      "limit": 25
    },
    "62895422592498@s.whatsapp.net": {
      "afkTime": -1,
      "afkReason": "",
      "limit": 25
    },
    "6285797960828@s.whatsapp.net": {
      "afkTime": -1,
      "afkReason": "",
      "limit": 25
    },
    "6283167602778@s.whatsapp.net": {
      "afkTime": -1,
      "afkReason": "",
      "limit": 25
    },
    "6285283052350@s.whatsapp.net": {
      "afkTime": -1,
      "afkReason": "",
      "limit": 25
    }
  },
  "chats": {
    "6283861623360@s.whatsapp.net": {
      "mute": false,
      "antilink": false
    },
    "120363026236228848@g.us": {
      "mute": false,
      "antilink": false
    },
    "120363025697131086@g.us": {
      "mute": false,
      "antilink": false
    }
  },
  "database": {},
  "game": {
    "tebaklagu": [],
    "family100": [],
    "math": [],
    "tebakgambar": [],
    "tebakkata": [],
    "lontong": [],
    "lontong_desk": [],
    "kalimat": [],
    "lirik": [],
    "tebakan": []
  },
  "settings": {
    "6281385317842@s.whatsapp.net": {
      "status": 0,
      "autobio": false,
      "templateImage": true,
      "templateVideo": false,
      "templateGif": false,
      "templateMsg": false
    }
  },
  "others": {
    "vote": []
  },
  "sticker": {}
}